Title,Price,Photo,Summary
PATRICIA ODIJK ordinaire OP LICHTER PS4 pro 1tb,"€ 200,00",No Photo,Deze sukkel veranderd door onze tegenadvertenties steeds van naam! Maar het is steeds dezelfde lozer! Melden helpt! Mp verwijderd bij
Playstation 4 pro met controller en 3 spelen,"€ 215,00",No Photo,Zelf heb ik geen tijd meer om te gamen vanwege me studie. Maar de playstation werkt nog uitstekend en is zo goed als nieuw.ik verkoop
Ps4 pro zwart 1tb met camo controller,"€ 280,00",No Photo,Ps4 pro zwart camo controller hdmi- kabel stroom kabel ps4 pro doos
Playstation 4 Pro 1TB Nette staat | Met garantie,"€ 289,99",No Photo,Nu te koop bij used products hoofddorp playstation 4 pro 1tb nette staat | met garantie  - 1 controller verkoopprijs: € 289.99
Playstation 4 pro 1tb,"€ 290,00",No Photo,Nieuw [ongeopend] playstation 4 pro 1 tb. Ophalen of verzenden!
Sony Playstation 4 Pro - 1TB - Met controller - Met garantie,"€ 299,99",No Photo,Nu te koop bij used products amsterdam oost sony playstation 4 pro specs: -in nette staat -1tb opslag -met controller ( rode uitvoering)
Playstation 4 PRO 1TB + headset turtlebeach stealth 600,"€ 300,00",No Photo,Te koop aangeboden: ps4 pro met 1tb hardeschijf en de doos.  1X ps4 1tb 2x dualshock controller ps4 (v2) 1x oplaadkabel controllers
Playstation 4 Pro 1TB Zwart #34388,"€ 319,95",No Photo,Nu te koop bij used products amsterdam-noord: playstation 4 pro 1tb zwart garantie: 3 maanden conditie: goed accessoires: kabels en
PS4 pro 1TB bundel Gran Turismo met Console en Rocket League,"€ 325,00",No Photo,Sony playstation 4 pro 1tb met gran turismo pack en rocket league game en game condole.
PlayStation 4 pro 1 tv,"€ 340,00",No Photo,Hierbij verkoop ik mijn playstation 1 tb pro 4. Met fifa 19 spelletje ( 60€) en controle erbij en mooie witte kleur.  Inclusief
Playstation4 PRO.,"€ 350,00",No Photo,Playstation 4 pro. Bijna niet gebruikt. Met oplaaddraad  voor controllers. 2Controllers. Spellen: grand theft auto 5 red dead redemption
Playstation 4 Pro 1TB + Red Dead Redemption 2 Ultimate Ed,"€ 350,00",No Photo,Playstation 4 pro 1tb + red dead redemtion 2 ultimate edition playstation 4 pro 1tb 1 dualshock 4 controller red dead redemption 2
Playstation 4 pro 4k 1 TBmet 2 games,"€ 350,00",No Photo,Playstation 4 pro 4k 1 tb met 2 games red dead redemption 2 en pubg 1 controller
PS4 pro 1 TB met 3 spellen,"€ 350,00",No Photo,Ps4 pro 1 tb te koop met de volgende spellen: uncharted 4: a thief's end assassin's creed syndicate  the last of us de spelcomputer
PS4 pro 1 TB met 3 spellen,"€ 350,00",No Photo,Ps4 pro 1 tb te koop met de volgende spellen: uncharted 4: a thief's end assassin's creed syndicate the last of us de spelcomputer
Playstation 4 pro 1tb 2 x controller,"€ 360,00",No Photo,Ps4 pro met 2 controllers. Zo goed als nieuw! Ik gebruik deze helemaal niet en dat is gewoon zonde!
PlayStation 4 Pro 1TB + GTA 5 NIEUW IN DOOS GESEALD,"€ 375,00",No Photo,Bij deze de sony playstation 4 pro 1tb gloednieuw in doos ongeopend en geseald met het spelletje gta 5 ook dicht nieuw en geseald(niet
Sony PlayStation 4 Pro 1TB Console,"€ 385,62",No Photo,Sony playstation 4 pro 1tb console dit artikel is handmatig gecontroleerd door ons retour evaluatieteam. Bekijk altijd de detailfoto
Ps4 pro met 1 Tb en 3 dualshock controllers,"€ 400,00",No Photo,Ps4 met 1 tb en drie controllers + oplader. Ik heb hier wel mee gespeeld. Ik verkoop de ps4 omdat ik merk dat ik er geen tijd meer
